{
    "responseOverrides": {
        "404": {
            "redirect": "/404.html"
        },
        "401": {
            "redirect": "/login.html"
        }
    },
    "routes": [
        {
            "route": "/",
            "allowedRoles": [
                "authenticated"
            ]
        },
        {
            "route": "/api/tasks/*",
            "allowedRoles": [
                "authenticated"
            ]
        },
        {
            "route": "/api/users/*",
            "allowedRoles": [
                "authenticated"
            ]
        }
    ]
}